id;pagerank;betweenness
1;0.3861385366103877;0.8333333333333333
2;0.19487677106494403;0.0
3;0.19487677106494403;0.0
4;0.11205396062986217;0.0
5;0.11205396062986217;0.0
